{
    "loss": 8.478952407836914,
    "accuracy": 0.3529678285121918
}