{
    "loss": 12.144332885742188,
    "accuracy": 0.690077006816864
}