{
    "loss": 8.428650856018066,
    "accuracy": 0.690077006816864
}